iter	MultiRMSE
0	0.8545617055
1	0.8407813943
2	0.8323085054
3	0.8270580049
4	0.8212198495
5	0.8156905578
6	0.81348685
7	0.8097880446
